{
  "Afrikaans": 0.07219999999999997,
  "Arabic": 0.0923999999999999,
  "Azerbaijani": 0.0722,
  "Basque": 0.24000000000000002,
  "Belarusian": 0.07990000000000004,
  "Bengali": 0.08919999999999995,
  "Bulgarian": 0.08599999999999998,
  "Burmese": 0.08889999999999992,
  "Chinese": 0.08949999999999995,
  "Danish": 0.08279999999999994,
  "English": 0.08989999999999992,
  "Estonian": 0.07680000000000005,
  "Finnish": 0.08389999999999999,
  "French": 0.0842,
  "German": 0.08499999999999998,
  "Greek": 0.09099999999999991,
  "Hindi": 0.08319999999999998,
  "Hungarian": 0.08789999999999992,
  "Indonesian": 0.07969999999999995,
  "Italian": 0.0821,
  "Japanese": 0.09029999999999994,
  "Javanese": 0.0719,
  "Kazakh": 0.08010000000000003,
  "Korean": 0.09649999999999988,
  "Kyrgyz": 0.07440000000000006,
  "Latvian": 0.0814,
  "Lithuanian": 0.08,
  "Malay": 0.06799999999999998,
  "Malayalam": 0.08879999999999992,
  "Marathi": 0.07670000000000003,
  "Mongolian": 0.07910000000000003,
  "Persian": 0.0934999999999999,
  "Polish": 0.08499999999999998,
  "Portuguese": 0.08200000000000002,
  "Romanian": 0.08649999999999995,
  "Russian": 0.08759999999999994,
  "Spanish": 0.07660000000000004,
  "Swahili": 0.06990000000000002,
  "Swedish": 0.08619999999999994,
  "Thai": 0.09079999999999991,
  "Turkish": 0.0837,
  "Ukrainian": 0.08399999999999999,
  "Uzbek": 0.07110000000000007,
  "Vietnamese": 0.0912999999999999,
  "Yoruba": 0.06379999999999997
}