{
  "Afrikaans": 0.1861,
  "Arabic": 0.22419999999999982,
  "Azerbaijani": 0.16789999999999997,
  "Basque": 0.24000000000000002,
  "Belarusian": 0.16920000000000002,
  "Bengali": 0.22609999999999986,
  "Bulgarian": 0.17119999999999996,
  "Burmese": 0.2339999999999997,
  "Chinese": 0.2086,
  "Danish": 0.1725,
  "English": 0.18979999999999989,
  "Estonian": 0.09359999999999995,
  "Finnish": 0.16989999999999994,
  "French": 0.17429999999999995,
  "German": 0.17900000000000002,
  "Greek": 0.20780000000000004,
  "Hindi": 0.1628,
  "Hungarian": 0.17189999999999997,
  "Indonesian": 0.13169999999999998,
  "Italian": 0.17010000000000003,
  "Japanese": 0.17570000000000013,
  "Javanese": 0.07489999999999998,
  "Kazakh": 0.17799999999999996,
  "Korean": 0.22709999999999972,
  "Kyrgyz": 0.16150000000000003,
  "Latvian": 0.17599999999999993,
  "Lithuanian": 0.17229999999999998,
  "Malay": 0.11220000000000004,
  "Malayalam": 0.2323999999999997,
  "Marathi": 0.1507,
  "Mongolian": 0.1839,
  "Persian": 0.22279999999999986,
  "Polish": 0.17369999999999997,
  "Portuguese": 0.1622,
  "Romanian": 0.17980000000000004,
  "Russian": 0.1795999999999999,
  "Spanish": 0.15890000000000004,
  "Swahili": 0.15340000000000006,
  "Swedish": 0.17620000000000002,
  "Thai": 0.23599999999999965,
  "Turkish": 0.17109999999999992,
  "Ukrainian": 0.17319999999999997,
  "Uzbek": 0.14619999999999997,
  "Vietnamese": 0.1989000000000001,
  "Yoruba": 0.1716000000000001
}