{
  "Afrikaans": 0.047999999999999945,
  "Arabic": 0.07299999999999997,
  "Azerbaijani": 0.048799999999999975,
  "Basque": 0.24000000000000002,
  "Belarusian": 0.056599999999999956,
  "Bengali": 0.08749999999999998,
  "Bulgarian": 0.04969999999999996,
  "Burmese": 0.10030000000000001,
  "Chinese": 0.05799999999999995,
  "Danish": 0.04549999999999998,
  "English": 0.06719999999999994,
  "Estonian": 0.05209999999999997,
  "Finnish": 0.05049999999999997,
  "French": 0.058599999999999985,
  "German": 0.04439999999999993,
  "Greek": 0.06259999999999999,
  "Hindi": 0.05479999999999996,
  "Hungarian": 0.06459999999999998,
  "Indonesian": 0.04369999999999997,
  "Italian": 0.04549999999999997,
  "Japanese": 0.09869999999999997,
  "Javanese": 0.04459999999999997,
  "Kazakh": 0.06229999999999994,
  "Korean": 0.06179999999999994,
  "Kyrgyz": 0.04799999999999998,
  "Latvian": 0.04899999999999996,
  "Lithuanian": 0.03939999999999997,
  "Malay": 0.03439999999999998,
  "Malayalam": 0.10849999999999999,
  "Marathi": 0.058099999999999916,
  "Mongolian": 0.06459999999999995,
  "Persian": 0.0688,
  "Polish": 0.05279999999999995,
  "Portuguese": 0.051999999999999956,
  "Romanian": 0.050499999999999955,
  "Russian": 0.049899999999999986,
  "Spanish": 0.03339999999999997,
  "Swahili": 0.04039999999999997,
  "Swedish": 0.048899999999999964,
  "Thai": 0.0788,
  "Turkish": 0.05249999999999995,
  "Ukrainian": 0.05659999999999995,
  "Uzbek": 0.036199999999999975,
  "Vietnamese": 0.07189999999999999,
  "Yoruba": 0.057399999999999965
}